name;company;email;phone;address;city;postal_code;industry;siren;website;found_date
Agence Immobiliere;Agence Immobiliere;;;ANDREZE 104 LD LE QUARTERON 49110 BEAUPREAU-EN-MAUGES;BEAUPREAU-EN-MAUGES;49110;immobilier;522941707;;2026-02-19
Agence Immobiliere;Agence Immobiliere;;;64 RES ELYSEE 2 78170 LA CELLE-SAINT-CLOUD;LA CELLE-SAINT-CLOUD;78170;immobilier;349532523;;2026-02-19
Credit Agricole Aquitaine Agence Immobiliere (C3Ai Credit Agricole Aquitaine Agence Immobiliere);Credit Agricole Aquitaine Agence Immobiliere (C3Ai Credit Agricole Aquitaine Agence Immobiliere);;;2EME ETAGE 13 COURS DU XXX JUILLET 33000 BORDEAUX;BORDEAUX;33000;immobilier;492498746;;2026-02-19
Agence Immobiliere D Entreprise;Agence Immobiliere D Entreprise;;;14 BOULEVARD SEBASTOPOL 35000 RENNES;RENNES;35000;immobilier;403418494;;2026-02-19
Les Agences Immobilieres Petit;Les Agences Immobilieres Petit;;;16 AVENUE DU GENERAL LECLERC 78160 MARLY-LE-ROI;MARLY-LE-ROI;78160;immobilier;304475072;;2026-02-19
Agence Immobiliere Du Nau;Agence Immobiliere Du Nau;;;11-13 11 RUE DE LA MARNE 51000 CHALONS-EN-CHAMPAGNE;CHALONS-EN-CHAMPAGNE;51000;immobilier;411356330;;2026-02-19
Agence Immobiliere La Provencale;Agence Immobiliere La Provencale;;;2 ROUTE DE LA CHAPELLE 13850 GREASQUE;GREASQUE;13850;immobilier;351268750;;2026-02-19
Agence Immobiliere Eurotransactions;Agence Immobiliere Eurotransactions;;;23 MARCHE AUX BESTIAUX 67500 HAGUENAU;HAGUENAU;67500;immobilier;394955686;;2026-02-19
Agence Immobiliere De Haute Maurienne (Agence Immobiliere Haute Maurienne);Agence Immobiliere De Haute Maurienne (Agence Immobiliere Haute Maurienne);;;85 RUE DU MONT CENIS 73480 VAL-CENIS;VAL-CENIS;73480;immobilier;339412694;;2026-02-19
Agence Immobiliere Du Pays Goelo (Aipg);Agence Immobiliere Du Pays Goelo (Aipg);;;12 RUE DU GRAND LEJON 22590 PORDIC;PORDIC;22590;immobilier;410355200;;2026-02-19
Agence Immobiliere Marie (Agence Immobiliere Marie) (Aim);Agence Immobiliere Marie (Agence Immobiliere Marie) (Aim);;;23 PLACE DE L'HOTEL DE VILLE 76600 LE HAVRE;LE HAVRE;76600;immobilier;418141339;;2026-02-19
Agence Fertoise Immobiliere;Agence Fertoise Immobiliere;;;1 AVENUE DE LA REPUBLIQUE 72400 LA FERTE-BERNARD;LA FERTE-BERNARD;72400;immobilier;786302869;;2026-02-19
Agence Immobiliere Cruz;Agence Immobiliere Cruz;;;LE CASTEL DES NEIGES 66 ROUTE DU LINGA 74390 CHATEL;CHATEL;74390;immobilier;310133368;;2026-02-19
Agence Immobiliere Durand (Aid);Agence Immobiliere Durand (Aid);;;100 B BOULEVARD JEAN ALLEMANE 95100 ARGENTEUIL;ARGENTEUIL;95100;immobilier;305756470;;2026-02-19
Agence Immobiliere Peiro;Agence Immobiliere Peiro;;;LES RAMONETS 24250 CASTELNAUD LA CHAPELLE;CASTELNAUD LA CHAPELLE;24250;immobilier;378459689;;2026-02-19
Agence Immobiliere La Menandiere;Agence Immobiliere La Menandiere;;;RES LA MENANDIERE 38750 HUEZ;HUEZ;38750;immobilier;393253992;;2026-02-19
Agence Immobiliere Caron;Agence Immobiliere Caron;;;1 RUE DE DIEPPE 27140 GISORS;GISORS;27140;immobilier;803419449;;2026-02-19
Agence Immobiliere Joly;Agence Immobiliere Joly;;;PERICENTRE III 26 AVENUE DE THIES 14000 CAEN;CAEN;14000;immobilier;802542126;;2026-02-19
Agence Immobiliere J. Malleux;Agence Immobiliere J. Malleux;;;7 RUE DU 12 JUIN 14260 LES MONTS D'AUNAY;LES MONTS D'AUNAY;14260;immobilier;501957302;;2026-02-19
Legal'Immo Agence Immobiliere (Legal'Immo Agence Immobiliere);Legal'Immo Agence Immobiliere (Legal'Immo Agence Immobiliere);;;37 RUE DE DOULLENS 62270 FREVENT;FREVENT;62270;immobilier;902342435;;2026-02-19
Agence Immobiliere Evauttre;Agence Immobiliere Evauttre;;;67 RUE GRANDE 77300 FONTAINEBLEAU;FONTAINEBLEAU;77300;immobilier;906850227;;2026-02-19
Agence Immobiliere Chausson Immobolier;Agence Immobiliere Chausson Immobolier;;;5 RUE DE LA REPUBLIQUE 09100 PAMIERS;PAMIERS;09100;immobilier;353047517;;2026-02-19
Agence Immobiliere De Pont L'Abbe;Agence Immobiliere De Pont L'Abbe;;;6 QUAI SAINT-LAURENT 29120 PONT-L'ABBE;PONT-L'ABBE;29120;immobilier;818849051;;2026-02-19
Agence Immobiliere Benoit Druot;Agence Immobiliere Benoit Druot;;;12 AVENUE VICTOR HUGO 12000 RODEZ;RODEZ;12000;immobilier;523795854;;2026-02-19
Soliha Agence Immobiliere Sociale Bretagne (Soliha Ais Bretagne);Soliha Agence Immobiliere Sociale Bretagne (Soliha Ais Bretagne);;;4 AVENUE DU CHALUTIER SANS PITIE 22190 PLERIN;PLERIN;22190;immobilier;451219638;;2026-02-19
Transaction Immobiliere (Transaction Immobiliere);Transaction Immobiliere (Transaction Immobiliere);;;RES. LES JARDINS DES ALYSCAMPS BAT D 9 AVENUE VICTOR HUGO 13200 ARLES;ARLES;13200;immobilier;851798629;;2026-02-19
Carmen Transactions Immobilieres (C.T.I.);Carmen Transactions Immobilieres (C.T.I.);;;ZA DE POUTILLENEA 6 RUE POUTILLENEA 64122 URRUGNE;URRUGNE;64122;immobilier;912695111;;2026-02-19
Societe De Transactions Immobilieres (Sti);Societe De Transactions Immobilieres (Sti);;;102 RUE RAYMOND LOSSERAND 75014 PARIS;PARIS;75014;immobilier;377532346;;2026-02-19
Immobiliere Et Transactions (Imt Sarl);Immobiliere Et Transactions (Imt Sarl);;;111 AVENUE VICTOR HUGO 75016 PARIS;PARIS;75016;immobilier;393951413;;2026-02-19
Immobiliere Castella Transaction;Immobiliere Castella Transaction;;;L'ETOILE MERMOZ 111 RUE JEAN MERMOZ 13008 MARSEILLE;MARSEILLE;13008;immobilier;321006157;;2026-02-19
Regionale De Transactions Immobilieres (Citya Eurosyndic) (Srti);Regionale De Transactions Immobilieres (Citya Eurosyndic) (Srti);;;RES LE MEDITERRANEE BOULEVARD DU PORT 66420 LE BARCARES;LE BARCARES;66420;immobilier;328947429;;2026-02-19
Immobiliere Des Yvelines Transactions;Immobiliere Des Yvelines Transactions;;;3 PL ANDRE MALRAUX 78100 SAINT-GERMAIN-EN-LAYE;SAINT-GERMAIN-EN-LAYE;78100;immobilier;792164147;;2026-02-19
Immobiliere Boyer Transaction (Les Agences Boyer);Immobiliere Boyer Transaction (Les Agences Boyer);;;50 AVENUE DU 11 NOVEMBRE 1918 83150 BANDOL;BANDOL;83150;immobilier;994239317;;2026-02-19
Eric Mey Transaction Immobiliere (E.M.T.I.);Eric Mey Transaction Immobiliere (E.M.T.I.);;;4 RUE DE TOURRE 84100 ORANGE;ORANGE;84100;immobilier;315817965;;2026-02-19
Bureau De Gestion Et De Transactions Immobilieres Bgti (Bgti);Bureau De Gestion Et De Transactions Immobilieres Bgti (Bgti);;;IMMEUBLE LE JEAN LEBLANC 10 RUE JEAN-PHILIPPE RAMEAU 83000 TOULON;TOULON;83000;immobilier;317783561;;2026-02-19
Apollo Transactions Immobilieres;Apollo Transactions Immobilieres;;;9 ALLEE AUGUSTE RENOIR 92300 LEVALLOIS-PERRET;LEVALLOIS-PERRET;92300;immobilier;539475681;;2026-02-19
Antilles Transactions Immobilieres (Atout Immobilier) (A T I);Antilles Transactions Immobilieres (Atout Immobilier) (A T I);;;IMM LES PALETUVIERS VOIE N 1 ZI LA LEZARDE 97232 LE LAMENTIN;LE LAMENTIN;97232;immobilier;531301059;;2026-02-19
Fonciere Immobiliere Transaction (F I T  Gestion);Fonciere Immobiliere Transaction (F I T  Gestion);;;1ER ETAGE 9 BOULEVARD LAZARE CARNOT 31000 TOULOUSE;TOULOUSE;31000;immobilier;384327268;;2026-02-19
Conseils Transactions Immobilieres;Conseils Transactions Immobilieres;;;96 AVENUE PHILIPPE-AUGUSTE 75011 PARIS;PARIS;75011;immobilier;395139934;;2026-02-19
Alpina Transaction Immobiliere;Alpina Transaction Immobiliere;;;ANNECY LE VIEUX 5 B AV DU PRE CLOSET 74000 ANNECY;ANNECY;74000;immobilier;515227999;;2026-02-19
Gestion Et Transactions Immobilieres (Getim);Gestion Et Transactions Immobilieres (Getim);;;4 AVENUE DE LA VICTOIRE 97400 SAINT-DENIS;SAINT-DENIS;97400;immobilier;310849385;;2026-02-19
Immobiliere Transaction Cevenole (Itc);Immobiliere Transaction Cevenole (Itc);;;15 BOULEVARD DU PORTALET 30500 SAINT-AMBROIX;SAINT-AMBROIX;30500;immobilier;342394277;;2026-02-19
Contact Transactions Immobilieres;Contact Transactions Immobilieres;;;7 COURS TAULIGNAN 84110 VAISON-LA-ROMAINE;VAISON-LA-ROMAINE;84110;immobilier;351204359;;2026-02-19
Gestion Transactions Immobilieres;Gestion Transactions Immobilieres;;;48 BOULEVARD PASTEUR 75015 PARIS;PARIS;75015;immobilier;340370774;;2026-02-19
Normandie Transactions Immobilieres (Normandie Transactions Immobilieres);Normandie Transactions Immobilieres (Normandie Transactions Immobilieres);;;5 RTE DES RENARDIERES 14190 VALAMBRAY;VALAMBRAY;14190;immobilier;532238540;;2026-02-19
Immobiliere Transactions Services (Imts);Immobiliere Transactions Services (Imts);;;7 RUE DE CHARTRES 92200 NEUILLY-SUR-SEINE;NEUILLY-SUR-SEINE;92200;immobilier;839361433;;2026-02-19
C Transactions Immobilieres;C Transactions Immobilieres;;;LOTISSEMENT LE SAINT LOUIS 56 TRAVERSE DU PLAN DU PONT 83400 HYERES;HYERES;83400;immobilier;538532995;;2026-02-19
L.A Transactions Immobilieres (Cote Particuliers Bordeaux Rive Droite);L.A Transactions Immobilieres (Cote Particuliers Bordeaux Rive Droite);;;359 AVENUE THIERS 33100 BORDEAUX;BORDEAUX;33100;immobilier;415147156;;2026-02-19
Immobiliere De Transactions (Idt);Immobiliere De Transactions (Idt);;;136 RESIDENCE DU MOULIN BAS DU FORT 97110 POINTE-A-PITRE;POINTE-A-PITRE;97110;immobilier;949604698;;2026-02-19
Societe De Transaction Immobiliere Et Commerciale (Stic);Societe De Transaction Immobiliere Et Commerciale (Stic);;;119 BD DE CASTELNAU 85100 LES SABLES D'OLONNE;LES SABLES D'OLONNE;85100;immobilier;419705140;;2026-02-19
Institut De Beaute;Institut De Beaute;;;66 BOULEVARD PIERRE MENDES FRANCE 81100 CASTRES;CASTRES;81100;beaute;903166619;;2026-02-19
Institut De Beaute;Institut De Beaute;;;12 PL DE LA LIBERTE 33600 PESSAC;PESSAC;33600;beaute;794260703;;2026-02-19
Institut De Beaute;Institut De Beaute;;;17 B PL DUPONT PERROT 77370 NANGIS;NANGIS;77370;beaute;379636731;;2026-02-19
Institut De Beaute;Institut De Beaute;;;19 RUE ROMAINE 25400 AUDINCOURT;AUDINCOURT;25400;beaute;301860649;;2026-02-19
Choco Vanille - Institut De Beaute (Choco Vanille - Institut De Beaute);Choco Vanille - Institut De Beaute (Choco Vanille - Institut De Beaute);;;DUPARC 52 RUE LOUIS LAGOURGUE 97438 SAINTE-MARIE;SAINTE-MARIE;97438;beaute;829691419;;2026-02-19
France Beaute Institut;France Beaute Institut;;;47 RUE CHAUSSADE 43260 SAINT-JULIEN-CHAPTEUIL;SAINT-JULIEN-CHAPTEUIL;43260;beaute;798015608;;2026-02-19
Institut Aubry Beaute;Institut Aubry Beaute;;;14 RUE LUC BRETON 25000 BESANCON;BESANCON;25000;beaute;514950641;;2026-02-19
L'Institut De Beaute (L'Institut De Beaute);L'Institut De Beaute (L'Institut De Beaute);;;99 RUE DE NANTES 44860 PONT-SAINT-MARTIN;PONT-SAINT-MARTIN;44860;beaute;513670687;;2026-02-19
Bella Beaute Institut;Bella Beaute Institut;;;5 SQ MICHELET 13009 MARSEILLE 9EME;MARSEILLE 9EME;13009;beaute;521348284;;2026-02-19
Institut Soins Et Beaute;Institut Soins Et Beaute;;;20 RUE ANDRE DESSAUX 45400 FLEURY-LES-AUBRAIS;FLEURY-LES-AUBRAIS;45400;beaute;532530169;;2026-02-19
Institut De Beaute De La Terrasse;Institut De Beaute De La Terrasse;;;17 RUE DE LA TERRASSE 75017 PARIS;PARIS;75017;beaute;501644272;;2026-02-19
Carmen Institut De Beaute;Carmen Institut De Beaute;;;PORTE N95 6 CITE CHAMPAGNE 95100 ARGENTEUIL;ARGENTEUIL;95100;beaute;904035656;;2026-02-19
Bollywood Institut De Beaute;Bollywood Institut De Beaute;;;42 RUE DE LA LIBERTE 77550 MOISSY-CRAMAYEL;MOISSY-CRAMAYEL;77550;beaute;833743495;;2026-02-19
Unona Institut De Beaute;Unona Institut De Beaute;;;38 RUE DE WATTWILLER 67100 STRASBOURG;STRASBOURG;67100;beaute;919973743;;2026-02-19
Institut Beaute Antzer;Institut Beaute Antzer;;;3 RUE DES TAULES 26200 MONTELIMAR;MONTELIMAR;26200;beaute;910072040;;2026-02-19
Institut De Beaute La Canopee;Institut De Beaute La Canopee;;;AVENUE DE TOULOUSE 31820 PIBRAC;PIBRAC;31820;beaute;934524521;;2026-02-19
Institut De Beaute Des Lilas;Institut De Beaute Des Lilas;;;124 RUE DE PARIS 93260 LES LILAS;LES LILAS;93260;beaute;528662489;;2026-02-19
Abricotine - Institut De Beaute;Abricotine - Institut De Beaute;;;112 RUE DE PATAY 75013 PARIS;PARIS;75013;beaute;504807223;;2026-02-19
Institut De Beaute Lena;Institut De Beaute Lena;;;25 AVENUE DIDEROT 93420 VILLEPINTE;VILLEPINTE;93420;beaute;508052040;;2026-02-19
Institut 100 % Beaute;Institut 100 % Beaute;;;577 CHEMIN DE PRIOLAZ 38480 ROMAGNIEU;ROMAGNIEU;38480;beaute;502969843;;2026-02-19
Institut Tamtam Beaute;Institut Tamtam Beaute;;;35 CHEMIN DU ROZAT 38330 SAINT-ISMIER;SAINT-ISMIER;38330;beaute;919730184;;2026-02-19
Am Institut De Beaute;Am Institut De Beaute;;;2 B RUE DES ECOLES 26600 CHANOS-CURSON;CHANOS-CURSON;26600;beaute;953919008;;2026-02-19
Secrets Beaute Institut;Secrets Beaute Institut;;;12 RESIDENCE LE CHATEAU 2 11250 POMAS;POMAS;11250;beaute;994327484;;2026-02-19
En Beaute Institut De Beaute;En Beaute Institut De Beaute;;;6 RUE DU PARCHEMIN 67000 STRASBOURG;STRASBOURG;67000;beaute;648502821;;2026-02-19
La Beaute Institut;La Beaute Institut;;;RESIDENCE LES TERRASSES HORIZON RUE GEORGES CADOUDAL 56400 PLUNERET;PLUNERET;56400;beaute;914698378;;2026-02-19
Le Salon Coiffure Et Esthetique;Le Salon Coiffure Et Esthetique;;;18 BOULEVARD MARECHAL FOCH 83300 DRAGUIGNAN;DRAGUIGNAN;83300;beaute;480134774;;2026-02-19
Soni Salon De Coiffure Et Esthetique;Soni Salon De Coiffure Et Esthetique;;;12 RUE BAUDIN 92400 COURBEVOIE;COURBEVOIE;92400;beaute;938199957;;2026-02-19
Naturaalz Beaute Indienne Esthetique Signature Salon;Naturaalz Beaute Indienne Esthetique Signature Salon;;;6 AVENUE PIERRE ET MARIE CURIE 93150 LE BLANC-MESNIL;LE BLANC-MESNIL;93150;beaute;835110271;;2026-02-19
Le Salon D'Esthetique D'Artigny;Le Salon D'Esthetique D'Artigny;;;8 RUE GUSTAVE FLAUBERT 75017 PARIS 17;PARIS 17;75017;beaute;326260825;;2026-02-19
Sarl Alterna Tif Salon De Coiffure Et D Esthetique (Alterna Tif);Sarl Alterna Tif Salon De Coiffure Et D Esthetique (Alterna Tif);;;MONT SAINT MARTIN 8 LOT ILANG ILANG 97300 CAYENNE;CAYENNE;97300;beaute;501007090;;2026-02-19
Nyssa Esthetique;Nyssa Esthetique;;;2 AVENUE DE JOINVILLE 94130 NOGENT-SUR-MARNE;NOGENT-SUR-MARNE;94130;beaute;823960547;;2026-02-19
Diamond Esthetique (Diamond Esthetique);Diamond Esthetique (Diamond Esthetique);;;240 BOULEVARD JEAN JAURES 13300 SALON-DE-PROVENCE;SALON-DE-PROVENCE;13300;beaute;982347999;;2026-02-19
Gh Esthetique;Gh Esthetique;;;44 C AVENUE SAINT-HUBERT 79250 NUEIL-LES-AUBIERS;NUEIL-LES-AUBIERS;79250;beaute;482335627;;2026-02-19
Sg Development Distribution Medico Esthetique France;Sg Development Distribution Medico Esthetique France;;;1 IMPASSE GILLET 13300 SALON-DE-PROVENCE;SALON-DE-PROVENCE;13300;beaute;932696644;;2026-02-19
Spm Le Salon Du Bien Etre (Soins Esthetiques);Spm Le Salon Du Bien Etre (Soins Esthetiques);;;2 PLACE DES HALLES 21340 NOLAY;NOLAY;21340;beaute;824693097;;2026-02-19
Centre D'Esthetique Aixois;Centre D'Esthetique Aixois;;;1 B RUE VENEL 13080 AIX EN PROVENCE;AIX EN PROVENCE;13080;beaute;380028225;;2026-02-19
Organisation Esthetique Habitat (O.E.H.);Organisation Esthetique Habitat (O.E.H.);;;RN 7 1167 ALL DES MURIERS 38121 CHONAS L'AMBALLAN;CHONAS L'AMBALLAN;38121;beaute;316252139;;2026-02-19
Delphine Bourgue (Delphine Esthetique);Delphine Bourgue (Delphine Esthetique);;;VIEUX CHEMIN D'ISTRES 13300 SALON-DE-PROVENCE;SALON-DE-PROVENCE;13300;beaute;790343693;;2026-02-19
Laure Estival (Laure Esthetique);Laure Estival (Laure Esthetique);;;300 CHEMIN DU TOURET 13300 SALON-DE-PROVENCE;SALON-DE-PROVENCE;13300;beaute;821799616;;2026-02-19
Lydie Alcaniz (Lydienail'S Esthetique);Lydie Alcaniz (Lydienail'S Esthetique);;;710 BOULEVARD DU ROY RENE 13300 SALON-DE-PROVENCE;SALON-DE-PROVENCE;13300;beaute;850502667;;2026-02-19
Charlotte Depardieu (Shaa Esthetique);Charlotte Depardieu (Shaa Esthetique);;;SALON DE COIFFURE ESTHETIQUE LA RUCHE 1 RUE DU MONT MOUNIER 06470 PEONE;PEONE;06470;beaute;952369015;;2026-02-19
Adelaide Van Imbeck;Adelaide Van Imbeck;;;235 RUE ARMAND DUVIVIER 83600 FREJUS;FREJUS;83600;beaute;519039754;;2026-02-19
Lucille Talandier;Lucille Talandier;;;LE FLAMAND 230 AVENUE DE GASCOGNE 13300 SALON-DE-PROVENCE;SALON-DE-PROVENCE;13300;beaute;832107965;;2026-02-19
Steci;Steci;;;LA TOUR D'AYGOSI 67 COURS GAMBETTA 13100 AIX-EN-PROVENCE;AIX-EN-PROVENCE;13100;beaute;981503626;;2026-02-19
Marguerite Durrmeyer;Marguerite Durrmeyer;;;RESIDENCE GRAND LARGE LOCAL N 6 AVENUE ANNIBAL 66420 LE BARCARES;LE BARCARES;66420;beaute;329811541;;2026-02-19
Tasnim Fekrane (Nails By Iness);Tasnim Fekrane (Nails By Iness);;;40 AVENUE SAINTE-MARGUERITE 06200 NICE;NICE;06200;beaute;944273622;;2026-02-19
Selena Mesiano (Ms Institut De Beaute);Selena Mesiano (Ms Institut De Beaute);;;75 ROUTE DE NOTRE DAME 06330 ROQUEFORT-LES-PINS;ROQUEFORT-LES-PINS;06330;beaute;830404802;;2026-02-19
Lucie Ruis (Le Faou) (Belle A Souhait);Lucie Ruis (Le Faou) (Belle A Souhait);;;28 B AVENUE DE MONTPELLIER 34540 BALARUC-LES-BAINS;BALARUC-LES-BAINS;34540;beaute;478992159;;2026-02-19
Melissa Almanza (L'Institut Esthetique Du Palper-Rouler Manuel (L'Ieprm));Melissa Almanza (L'Institut Esthetique Du Palper-Rouler Manuel (L'Ieprm));;;RESIDENCE KARISTA 8 RUE PASTEUR 64000 PAU;PAU;64000;beaute;752018606;;2026-02-19
Ariane Saez (Salon Esthetique Formations);Ariane Saez (Salon Esthetique Formations);;;13 RUE VICTOR HUGO 31270 VILLENEUVE-TOLOSANE;VILLENEUVE-TOLOSANE;31270;beaute;883764201;;2026-02-19
Hotel;Hotel;;;15 RUE DE RIVOLI 06000 NICE;NICE;06000;hotels;381286251;;2026-02-19
Hotel;Hotel;;;17 RUE FIZEAU 75015 PARIS;PARIS;75015;hotels;411459597;;2026-02-19
B & B Hotels France;B & B Hotels France;;;271 RUE GENERAL PAULET 29200 BREST;BREST;29200;hotels;378047500;;2026-02-19
Les Hotels De Paris (Machefert Group);Les Hotels De Paris (Machefert Group);;;256 RUE SAINT-HONORE 75001 PARIS;PARIS;75001;hotels;388083016;;2026-02-19
Gie Des Hotels Super Economiques;Gie Des Hotels Super Economiques;;;6 ET 8 COURCOURONNES 6 RUE DU BOIS BRIARD 91000 EVRY-COURCOURONNES;EVRY-COURCOURONNES;91000;hotels;444698500;;2026-02-19
Gie Des Hotels Ecored;Gie Des Hotels Ecored;;;6-8 COURCOURONNES 6 RUE DU BOIS BRIARD 91000 EVRY-COURCOURONNES;EVRY-COURCOURONNES;91000;hotels;403267727;;2026-02-19
Okko Hotels (Okko Realisations);Okko Hotels (Okko Realisations);;;52-54 52 BOULEVARD MALESHERBES 75008 PARIS;PARIS;75008;hotels;515402188;;2026-02-19
Soc Commerciale Hotels Economiques (Sche);Soc Commerciale Hotels Economiques (Sche);;;6 A 8 COURCOURONNES 6 RUE DU BOIS BRIARD 91000 EVRY-COURCOURONNES;EVRY-COURCOURONNES;91000;hotels;378114110;;2026-02-19
Touristic Hotel;Touristic Hotel;;;2 RUE VICTOR HUGO 31000 TOULOUSE;TOULOUSE;31000;hotels;341769644;;2026-02-19
L'Hotel (L'Hotel De Beaune);L'Hotel (L'Hotel De Beaune);;;5 RUE SAMUEL LEGAY 21200 BEAUNE;BEAUNE;21200;hotels;433235090;;2026-02-19
Hotel Alpaga (Epm);Hotel Alpaga (Epm);;;ROUTE DE PRARIAND 74 ALLEE DES MARMOUSETS 74120 MEGEVE;MEGEVE;74120;hotels;532825791;;2026-02-19
Lemon Hotels (Lemon Formations);Lemon Hotels (Lemon Formations);;;9 AVENUE DU MARECHAL MAUNOURY 75016 PARIS;PARIS;75016;hotels;515231603;;2026-02-19
Societe D'Investissement France Hotels (Sifh);Societe D'Investissement France Hotels (Sifh);;;6 A 8 COURCOURONNES 6 RUE DU BOIS BRIARD 91000 EVRY-COURCOURONNES;EVRY-COURCOURONNES;91000;hotels;440117976;;2026-02-19
Hotel Des 4 Soeurs;Hotel Des 4 Soeurs;;;6 COURS DU XXX JUILLET 33000 BORDEAUX;BORDEAUX;33000;hotels;433611050;;2026-02-19
Hotel  L'Hotel;Hotel  L'Hotel;;;13 RUE DES BEAUX-ARTS 75006 PARIS;PARIS;75006;hotels;612052662;;2026-02-19
Promz Hotel (Promz Hotel - Grand Tour);Promz Hotel (Promz Hotel - Grand Tour);;;11 RUE D'ORSEL 75018 PARIS;PARIS;75018;hotels;802142174;;2026-02-19
Stars Hotel;Stars Hotel;;;11 RUE TRONCHET 75008 PARIS;PARIS;75008;hotels;389205592;;2026-02-19
Design Hotel;Design Hotel;;;35 BOULEVARD DE LA LIBERTE 35000 RENNES;RENNES;35000;hotels;501599500;;2026-02-19
Hotel Coligny (Hotel Coligny Et Meubles Du 80 Rue De La Gare);Hotel Coligny (Hotel Coligny Et Meubles Du 80 Rue De La Gare);;;80 RUE DE LA GARE 45000 ORLEANS;ORLEANS;45000;hotels;828655035;;2026-02-19
Hotel Alexander;Hotel Alexander;;;8 RUE CAMBON 75001 PARIS;PARIS;75001;hotels;417738994;;2026-02-19
Hold Hotels (Hold Hotels);Hold Hotels (Hold Hotels);;;22 BOULEVARD DU PARC IMPERIAL 06000 NICE;NICE;06000;hotels;841338965;;2026-02-19
Vacances Bleues Hotels;Vacances Bleues Hotels;;;32 RUE EDMOND ROSTAND 13006 MARSEILLE;MARSEILLE;13006;hotels;391127875;;2026-02-19
Nortlander Club Hotels (Nch);Nortlander Club Hotels (Nch);;;50 CHEMIN DE L’ETOILE 38330 MONTBONNOT-SAINT-MARTIN;MONTBONNOT-SAINT-MARTIN;38330;hotels;485175186;;2026-02-19
Delhy'S Hotel;Delhy'S Hotel;;;22 RUE DE L'HIRONDELLE 75006 PARIS;PARIS;75006;hotels;602053605;;2026-02-19
Hotel M;Hotel M;;;69 RUE DU ROUET 13008 MARSEILLE;MARSEILLE;13008;hotels;424863918;;2026-02-19
La Closeraie Chambres D'Hotes;La Closeraie Chambres D'Hotes;;;21 RUE DE LA PAIX 85450 CHAMPAGNE-LES-MARAIS;CHAMPAGNE-LES-MARAIS;85450;hotels;831438387;;2026-02-19
Chambres D Hotes Cherbourg;Chambres D Hotes Cherbourg;;;63 RUE INGENIEUR CACHIN 50100 CHERBOURG-EN-COTENTIN;CHERBOURG-EN-COTENTIN;50100;hotels;498431014;;2026-02-19
Les Chambres D'Hotes Du Nabre;Les Chambres D'Hotes Du Nabre;;;VILLAGE D'EN HAUT 09110 MERENS-LES-VALS;MERENS-LES-VALS;09110;hotels;484488705;;2026-02-19
La Cambrousse Chambre D Hotes;La Cambrousse Chambre D Hotes;;;11-13 11 RUE DE LONGWY 54870 VILLERS-LA-CHEVRE;VILLERS-LA-CHEVRE;54870;hotels;794046722;;2026-02-19
Chambres D'Hotes La Champreniere;Chambres D'Hotes La Champreniere;;;1 LA CHAMPRENIERE 85510 LE BOUPERE;LE BOUPERE;85510;hotels;943873497;;2026-02-19
Ylang Chambres D'Hotes;Ylang Chambres D'Hotes;;;2 CETAM 97615 DZAOUDZI;DZAOUDZI;97615;hotels;988149027;;2026-02-19
Les Chambres D'Hotes De Pascale;Les Chambres D'Hotes De Pascale;;;1 ALLEE DU ZINGUEUR 33380 MIOS;MIOS;33380;hotels;821641081;;2026-02-19
Les Chambres D Hotes De Kerasquer (Les Chambres D Hotes De Kerasquer);Les Chambres D Hotes De Kerasquer (Les Chambres D Hotes De Kerasquer);;;KERASQUER VRAZ 29870 LANNILIS;LANNILIS;29870;hotels;394945802;;2026-02-19
Les Chambres D'Hotes De Valensole (Les Chambres D'Hotes De Valensole);Les Chambres D'Hotes De Valensole (Les Chambres D'Hotes De Valensole);;;MAS SAINTE ANNE 1089 CHEMIN VAL NOTRE-DAME 04210 VALENSOLE;VALENSOLE;04210;hotels;882025133;;2026-02-19
Chambre D'Hotes Le Paille;Chambre D'Hotes Le Paille;;;36 RUE LONGUE 66440 TORREILLES;TORREILLES;66440;hotels;922578083;;2026-02-19
Chambres D'Hotes De La Fontaine;Chambres D'Hotes De La Fontaine;;;36 RUE DE LA FONTAINE 77560 BEAUCHERY-SAINT-MARTIN;BEAUCHERY-SAINT-MARTIN;77560;hotels;839510377;;2026-02-19
Chambres D'Hotes Muriel;Chambres D'Hotes Muriel;;;3 T CHEMIN DES GAHETS 33610 CANEJAN;CANEJAN;33610;hotels;934995036;;2026-02-19
Bao Chambres D'Hotes;Bao Chambres D'Hotes;;;181 BOULEVARD LOUIS BERNARD 83250 LA LONDE-LES-MAURES;LA LONDE-LES-MAURES;83250;hotels;982953036;;2026-02-19
La Paix Chambres D'Hotes;La Paix Chambres D'Hotes;;;90 LE BOURG 38140 BEAUCROISSANT;BEAUCROISSANT;38140;hotels;988799706;;2026-02-19
Chambre D'Hotes Airbnb;Chambre D'Hotes Airbnb;;;BUSSY 399 ROUTE DU MICHEL 69620 VAL D'OINGT;VAL D'OINGT;69620;hotels;944037480;;2026-02-19
Chambre D'Hotes Les Boulommiers;Chambre D'Hotes Les Boulommiers;;;3 CHEMIN DES BOULOMMIERS 77920 SAMOIS-SUR-SEINE;SAMOIS-SUR-SEINE;77920;hotels;992773226;;2026-02-19
Gites Et Chambres D'Hotes Le Vieux Chene;Gites Et Chambres D'Hotes Le Vieux Chene;;;126 RUE DE LA MANISSIERE 01680 LHUIS;LHUIS;01680;hotels;978711729;;2026-02-19
Societe Mahoraise De Chambres D'Hotes (Smch);Societe Mahoraise De Chambres D'Hotes (Smch);;;TZOUNDZOU 1 RN2 PK 7 97600 MAMOUDZOU;MAMOUDZOU;97600;hotels;054398060;;2026-02-19
Chambres D'Hotes France Tradition (Chft);Chambres D'Hotes France Tradition (Chft);;;470 AV FORBIN 83000 TOULON;TOULON;83000;hotels;829200450;;2026-02-19
Chambre D'Hotes Les Chenes Rouges;Chambre D'Hotes Les Chenes Rouges;;;3655 ROUTE DES MILANDES 24250 VEYRINES-DE-DOMME;VEYRINES-DE-DOMME;24250;hotels;904201118;;2026-02-19
Chambres D'Hotes - La Perle D'Alsace (Meuble De Tourisme - La Perle D'Alsace);Chambres D'Hotes - La Perle D'Alsace (Meuble De Tourisme - La Perle D'Alsace);;;LIEUDIT 5056 RUE DE SAINT NABOR 5056 RTE DE SAINT-NABOR 67210 BERNARDSWILLER;BERNARDSWILLER;67210;hotels;908166440;;2026-02-19
Chambres D'Hotes La Tour De Bellevue.;Chambres D'Hotes La Tour De Bellevue.;;;27 ROUTE DU POITRINEAU 49400 SAUMUR;SAUMUR;49400;hotels;947973095;;2026-02-19
Les Chambres D'Hotes Des Rives D'Or;Les Chambres D'Hotes Des Rives D'Or;;;LA ZODETTE 136 AVENUE RAYMOND POINCARE 83370 FREJUS;FREJUS;83370;hotels;999499502;;2026-02-19
Sarl La Heraudiere Chambres D'Hotes;Sarl La Heraudiere Chambres D'Hotes;;;LA HERAUDIERE 60 RUE RONSARD 37100 TOURS;TOURS;37100;hotels;824464101;;2026-02-19
Chambres D'Hotes Belle Vue (Chambres D'Hotes Belle Vue);Chambres D'Hotes Belle Vue (Chambres D'Hotes Belle Vue);;;PASSAMAINTY 16 IMPASSE TSONGOMA 97600 MAMOUDZOU;MAMOUDZOU;97600;hotels;837560184;;2026-02-19
Sarl Restaurant Les Peupliers (Restaurant Les Peupliers) (Restaurant);Sarl Restaurant Les Peupliers (Restaurant Les Peupliers) (Restaurant);;;CAMPING PLAGE LES PEUPLIERS 67470 SELTZ;SELTZ;67470;restaurants;830998175;;2026-02-19
L'Enclume (Restaurant);L'Enclume (Restaurant);;;131 ROUTE D'ORBEC 14100 SAINT-DENIS-DE-MAILLOC;SAINT-DENIS-DE-MAILLOC;14100;restaurants;951677095;;2026-02-19
Restaurant;Restaurant;;;RUE DU GAL DE GAULLE 95620 PARMAIN;PARMAIN;95620;restaurants;349506030;;2026-02-19
Crocodile Restaurants;Crocodile Restaurants;;;LD AUX MOULINS RUE D ENGLOS 59320 ENNETIERES-EN-WEPPES;ENNETIERES-EN-WEPPES;59320;restaurants;343946711;;2026-02-19
Izee Restaurants;Izee Restaurants;;;CENTRE COMMERCIAL ESPACE J 65 RUE JEAN JAURES 29200 BREST;BREST;29200;restaurants;481655637;;2026-02-19
Gie Gam Restaurant;Gie Gam Restaurant;;;3 RUE D'ANTIN 75002 PARIS;PARIS;75002;restaurants;444640825;;2026-02-19
Ass Restaurant Du Coeur;Ass Restaurant Du Coeur;;;49 RUE HELENE BOUCHER 22190 PLERIN;PLERIN;22190;restaurants;383499308;;2026-02-19
Les Restaurants Du Coeur;Les Restaurants Du Coeur;;;42 RUE DE CLICHY 75009 PARIS;PARIS;75009;restaurants;339863417;;2026-02-19
Tortilla Restaurants Sas;Tortilla Restaurants Sas;;;1 B AVENUE DE LA REPUBLIQUE 75011 PARIS;PARIS;75011;restaurants;929314904;;2026-02-19
Sct Restaurant;Sct Restaurant;;;AVORIAZ 35 RUE DU DOUCHKA 74110 MORZINE;MORZINE;74110;restaurants;331606723;;2026-02-19
Restaurant La Cabane;Restaurant La Cabane;;;ST AYGULF 626 ROUTE DEPARTEMENTALE 7 83600 FREJUS;FREJUS;83600;restaurants;850743535;;2026-02-19
Dk Restaurants;Dk Restaurants;;;CAP SUD 106 AVENUE MARX DORMOY 92120 MONTROUGE;MONTROUGE;92120;restaurants;939549598;;2026-02-19
Les Restaurants Du Coeur;Les Restaurants Du Coeur;;;10 SQUARE DUMONT D'URVILLE 49000 ANGERS;ANGERS;49000;restaurants;400461356;;2026-02-19
Mexikebab Restaurant (Mexikebab Restaurant);Mexikebab Restaurant (Mexikebab Restaurant);;;615 RUE DES ARTISANS 01800 MEXIMIEUX;MEXIMIEUX;01800;restaurants;481177202;;2026-02-19
Restaurant Des Bons Enfants;Restaurant Des Bons Enfants;;;124 RUE DES BONS ENFANTS 97410 SAINT-PIERRE;SAINT-PIERRE;97410;restaurants;343360210;;2026-02-19
Restaurant Thomas;Restaurant Thomas;;;6 RUE LAURENCIN 69002 LYON;LYON;69002;restaurants;441137924;;2026-02-19
Restaurant Du Donjon;Restaurant Du Donjon;;;LA CITE 2 RUE DU COMTE ROGER 11000 CARCASSONNE;CARCASSONNE;11000;restaurants;331356592;;2026-02-19
Pi Restaurants;Pi Restaurants;;;48 AVENUE ALSACE LORRAINE 38000 GRENOBLE;GRENOBLE;38000;restaurants;502642291;;2026-02-19
Balm Restaurant;Balm Restaurant;;;37 RUE DES MATHURINS 75008 PARIS;PARIS;75008;restaurants;897777942;;2026-02-19
Big Mamma Restaurants France;Big Mamma Restaurants France;;;36 RUE DU SENTIER 75002 PARIS;PARIS;75002;restaurants;852365741;;2026-02-19
Restaurants Du Coeur;Restaurants Du Coeur;;;40 RUE DES CHANTIERS 76600 LE HAVRE;LE HAVRE;76600;restaurants;394171748;;2026-02-19
Le Phenicia Restaurant (Lmph);Le Phenicia Restaurant (Lmph);;;2 BOULEVARD MARECHAL LECLERC 06600 ANTIBES;ANTIBES;06600;restaurants;788838753;;2026-02-19
Restaurant Le Tomino;Restaurant Le Tomino;;;LIEU DIT STECAJA COMMUNALE 20247 ROGLIANO;ROGLIANO;20247;restaurants;838535847;;2026-02-19
Les Restaurants Du Coeur;Les Restaurants Du Coeur;;;10 RUE DES BLANCHISSERIES 01000 BOURG-EN-BRESSE;BOURG-EN-BRESSE;01000;restaurants;429192651;;2026-02-19
Restaurant La Matelote;Restaurant La Matelote;;;80 B BOULEVARD SAINTE BEUVE 62200 BOULOGNE-SUR-MER;BOULOGNE-SUR-MER;62200;restaurants;314902628;;2026-02-19
Traiteur Evenementiel Mallet;Traiteur Evenementiel Mallet;;;9 RUE DES ECOLIERS 22170 LANRODEC;LANRODEC;22170;restaurants;810475384;;2026-02-19
Mhm Traiteur Evenementiel;Mhm Traiteur Evenementiel;;;91 ALLEE DE L'AUVERGNAT 42370 SAINT-HAON-LE-CHATEL;SAINT-HAON-LE-CHATEL;42370;restaurants;931489108;;2026-02-19
Traiteur Evenementiels (Traiteur Evenementiels);Traiteur Evenementiels (Traiteur Evenementiels);;;ZI DE JARRY 196 RUE DE LA CHAPELLE 97122 BAIE-MAHAULT;BAIE-MAHAULT;97122;restaurants;539196873;;2026-02-19
Location Materiel Traiteur Evenementiel (L.M.T.E);Location Materiel Traiteur Evenementiel (L.M.T.E);;;POINTE D'OR 141 B RUE DES NENUPHARS 97139 LES ABYMES;LES ABYMES;97139;restaurants;951250406;;2026-02-19
Thomas Traiteur Evenementiel;Thomas Traiteur Evenementiel;;;9 AVENUE DE LA LIBERTE 92400 COURBEVOIE;COURBEVOIE;92400;restaurants;823905658;;2026-02-19
Ks Traiteur Evenementiel;Ks Traiteur Evenementiel;;;LE CLOS DE L'ORATOIRE 14 B CHEMIN DE SAINT ANTOINE 13600 CEYRESTE;CEYRESTE;13600;restaurants;518888664;;2026-02-19
M13 Evenementiel & Traiteur;M13 Evenementiel & Traiteur;;;M MANUGUERRA LAURENT 115 TRA HAUTE GRANIERE 13011 MARSEILLE 11;MARSEILLE 11;13011;restaurants;840284608;;2026-02-19
Casty Traiteur Et Evenementiel;Casty Traiteur Et Evenementiel;;;49 IMPASSE DES BERGES 33270 BOULIAC;BOULIAC;33270;restaurants;931488043;;2026-02-19
Ange Traiteur Evenementiel (Ange Traiteur Evenementiel);Ange Traiteur Evenementiel (Ange Traiteur Evenementiel);;;APPT N1 BAT N2 RES LE MOLE RES LE MOLE POINTE COURCHET 97240 FRANCOIS;FRANCOIS;97240;restaurants;952846756;;2026-02-19
Vive ! Traiteurs Evenementiels (Vive ! Traiteurs Evenementiels);Vive ! Traiteurs Evenementiels (Vive ! Traiteurs Evenementiels);;;8 RUE DU CHARRI 25290 ORNANS;ORNANS;25290;restaurants;978727998;;2026-02-19
Canelle Et Epices Traiteur Et Evenementiels;Canelle Et Epices Traiteur Et Evenementiels;;;35 SQUARE DU DEVOLUY 78310 MAUREPAS;MAUREPAS;78310;restaurants;832780324;;2026-02-19
L'Evenementiel Night Dj Et Traiteur;L'Evenementiel Night Dj Et Traiteur;;;12 RUE DE VAILLY 02160 BOURG-ET-COMIN;BOURG-ET-COMIN;02160;restaurants;903855005;;2026-02-19
Traiteurs Evenementiels Grand Ouest (Tego);Traiteurs Evenementiels Grand Ouest (Tego);;;ZA DE LA BASSE ROBINAIS 10 RUE DE L'ILLET 35830 BETTON;BETTON;35830;restaurants;893260620;;2026-02-19
S.E.H.R.T. Solutions, Evenementiel, Hotellerie, Restauration, Traiteurs;S.E.H.R.T. Solutions, Evenementiel, Hotellerie, Restauration, Traiteurs;;;1 RUE D'AMSTERDAM 60110 AMBLAINVILLE;AMBLAINVILLE;60110;restaurants;804250306;;2026-02-19
Orlane'S Traiteur Evenementiel (O.T.E.);Orlane'S Traiteur Evenementiel (O.T.E.);;;10 RUE JESSE OWENS 93200 SAINT-DENIS;SAINT-DENIS;93200;restaurants;493841746;;2026-02-19
Loisir Traiteur Evenementiel;Loisir Traiteur Evenementiel;;;7 11EME AVENUE 60260 LAMORLAYE;LAMORLAYE;60260;restaurants;418274296;;2026-02-19
Le Garden Traiteur & Evenementiel;Le Garden Traiteur & Evenementiel;;;34 RUE DE REIMS 94000 CRETEIL;CRETEIL;94000;restaurants;841179658;;2026-02-19
France Evenementiel Traiteur;France Evenementiel Traiteur;;;29 RUE ETIENNE RICHERAND 69003 LYON;LYON;69003;restaurants;849503859;;2026-02-19
Pascal Nicard;Pascal Nicard;;;CHAMARANDES 4 PL DES TILLEULS 52000 CHAMARANDES-CHOIGNES;CHAMARANDES-CHOIGNES;52000;restaurants;334759701;;2026-02-19
Sci Lyce;Sci Lyce;;;9 RUE DES ECOLIERS 22170 LANRODEC;LANRODEC;22170;restaurants;811637636;;2026-02-19
Sci Rocha Lima;Sci Rocha Lima;;;20 AVENUE PAUL CEZANNE 78990 ELANCOURT;ELANCOURT;78990;restaurants;983843004;;2026-02-19
Hermes Evenementiel (Emery Traiteur);Hermes Evenementiel (Emery Traiteur);;;393 RUE DES MARCHANDS 30220 AIGUES-MORTES;AIGUES-MORTES;30220;restaurants;803319581;;2026-02-19
S.A.S.U. Mouyal Evenementiel (Charly Traiteur, La Reine Esther, Charles Moyal);S.A.S.U. Mouyal Evenementiel (Charly Traiteur, La Reine Esther, Charles Moyal);;;64 RUE COMPANS 75019 PARIS;PARIS;75019;restaurants;809051535;;2026-02-19
Brandon Cavro (Traiteur Evenementiel);Brandon Cavro (Traiteur Evenementiel);;;5 RUE PIERRE BARNERON 26000 VALENCE;VALENCE;26000;restaurants;990137002;;2026-02-19
Tom Huguenin;Tom Huguenin;;;4 RUE DE COLOGNE 25000 BESANCON;BESANCON;25000;restaurants;531277622;;2026-02-19
Boutique Mode;Boutique Mode;;;8 RUE DE LA REPUBLIQUE 71600 PARAY-LE-MONIAL;PARAY-LE-MONIAL;71600;ecommerce;500745757;;2026-02-19
Boutique Mode;Boutique Mode;;;9 RUE DE L HORLOGE 03000 MOULINS;MOULINS;03000;ecommerce;487748352;;2026-02-19
Boutique Mode Marielle;Boutique Mode Marielle;;;6 PLACE DE LA LIBERTE 24600 RIBERAC;RIBERAC;24600;ecommerce;818042137;;2026-02-19
La Mode Entre Nous La Boutique;La Mode Entre Nous La Boutique;;;20 RUE DE TOURCOING 59960 NEUVILLE-EN-FERRAIN;NEUVILLE-EN-FERRAIN;59960;ecommerce;833193642;;2026-02-19
Mode Boutique Discount;Mode Boutique Discount;;;342 ROUTE DE GREZAC 34700 LODEVE;LODEVE;34700;ecommerce;532201183;;2026-02-19
L'Espace Creation-Coiffeurs-Barbier-Boutique Mode;L'Espace Creation-Coiffeurs-Barbier-Boutique Mode;;;(32 A) 32 FAUBOURG DU GENERAL PHILIPPOT 67340 INGWILLER;INGWILLER;67340;ecommerce;492917679;;2026-02-19
Mode Boutique;Mode Boutique;;;35 PLACE EMILE BOLLAERT 59140 DUNKERQUE;DUNKERQUE;59140;ecommerce;447596933;;2026-02-19
Boutiques De Mode;Boutiques De Mode;;;20 RUE CONTRESCARPE 44000 NANTES;NANTES;44000;ecommerce;450547765;;2026-02-19
Mode Boutique;Mode Boutique;;;6 RUE PEPEZUT 34500 BEZIERS;BEZIERS;34500;ecommerce;402847156;;2026-02-19
Mode Boutique;Mode Boutique;;;52 RUE HENRI BARBUSSE 18200 SAINT-AMAND-MONTROND;SAINT-AMAND-MONTROND;18200;ecommerce;483691408;;2026-02-19
"La Boutique Mode (Ar Clean Energy;Ar Btp;Ar Bati City;Ar Bati Center)";"La Boutique Mode (Ar Clean Energy;Ar Btp;Ar Bati City;Ar Bati Center)";;;1-3 1 RUE MARYSE BASTIE 93600 AULNAY-SOUS-BOIS;AULNAY-SOUS-BOIS;93600;ecommerce;798864674;;2026-02-19
Mode Boutique;Mode Boutique;;;16 RUE DU FAUBOURG SAINT-DENIS 75010 PARIS;PARIS;75010;ecommerce;918406497;;2026-02-19
Boutiques De Mode;Boutiques De Mode;;;20 RUE CONTRESCARPE 44000 NANTES;NANTES;44000;ecommerce;450547674;;2026-02-19
Mode Boutique;Mode Boutique;;;117 RUE DES FUSILLES 59493 VILLENEUVE-D'ASCQ;VILLENEUVE-D'ASCQ;59493;ecommerce;997828413;;2026-02-19
Ma Boutique Mode (Ma Boutique Mode) (M.B.M.);Ma Boutique Mode (Ma Boutique Mode) (M.B.M.);;;1 RUE HOTEL DE VILLE 33390 BLAYE;BLAYE;33390;ecommerce;811878230;;2026-02-19
Mode Fashion  Boutique;Mode Fashion  Boutique;;;22 RUE DE LA TREMOILLE 75008 PARIS 8;PARIS 8;75008;ecommerce;389980327;;2026-02-19
Mode Au Feminin Boutique (Mfb);Mode Au Feminin Boutique (Mfb);;;116 RUE DE LA FRATERNITE 93170 BAGNOLET;BAGNOLET;93170;ecommerce;382644110;;2026-02-19
Azur Mode Boutique;Azur Mode Boutique;;;65 AVENUE SAINT-BARTHELEMY 06100 NICE;NICE;06100;ecommerce;316572577;;2026-02-19
Societe Diffusion Boutique Mode (Sdbm);Societe Diffusion Boutique Mode (Sdbm);;;19 RUE CHAMPALBERT 07200 AUBENAS;AUBENAS;07200;ecommerce;340801794;;2026-02-19
Boutique Galand-Tissus Mode;Boutique Galand-Tissus Mode;;;18 A 20 18 PL DE LA MADELEINE 75008 PARIS 8;PARIS 8;75008;ecommerce;562090852;;2026-02-19
La Boutique A La Mode De Paris;La Boutique A La Mode De Paris;;;100 RUE DUHESME 75018 PARIS 18;PARIS 18;75018;ecommerce;304263148;;2026-02-19
Soc Exploitation Boutique Mode;Soc Exploitation Boutique Mode;;;CANAL BRULE 97400 SAINT DENIS;SAINT DENIS;97400;ecommerce;317080034;;2026-02-19
La Boutique Du Lieu;La Boutique Du Lieu;;;198 RUE JEAN MONNET 59170 CROIX;CROIX;59170;ecommerce;500506993;;2026-02-19
Zaclie Boutique;Zaclie Boutique;;;4 ALL DES CHAMPS 95270 BELLOY-EN-FRANCE;BELLOY-EN-FRANCE;95270;ecommerce;841505514;;2026-02-19
Diffusion Mode;Diffusion Mode;;;REZ DE CHAUSSEE CENT COMM CLUNY REZ DE CHA 97233 SCHOELCHER;SCHOELCHER;97233;ecommerce;350693628;;2026-02-19
Europeenne De Commerce En Ligne;Europeenne De Commerce En Ligne;;;4 BOULEVARD DE L'EUROPE 91320 WISSOUS;WISSOUS;91320;ecommerce;431710821;;2026-02-19
Societe De Commerce En Ligne (Scel);Societe De Commerce En Ligne (Scel);;;CHEZ NICE CONTACTS 16 RUE CAIS DE PIERLAS 06300 NICE;NICE;06300;ecommerce;518197470;;2026-02-19
E-Commerce-En Ligne;E-Commerce-En Ligne;;;60 RUE DE LA JONQUIERE 75017 PARIS;PARIS;75017;ecommerce;981711138;;2026-02-19
Commerce De Produits Frais En Ligne;Commerce De Produits Frais En Ligne;;;17 RUE DU POITOU 94150 RUNGIS;RUNGIS;94150;ecommerce;792039489;;2026-02-19
Commerce Economique En Ligne (Mes Eco) (C.E.L);Commerce Economique En Ligne (Mes Eco) (C.E.L);;;BAT 13 970 QUAI DU 11 NOVEMBRE 1918 30110 LA GRAND-COMBE;LA GRAND-COMBE;30110;ecommerce;828277178;;2026-02-19
Eos Commerce En Ligne;Eos Commerce En Ligne;;;22 RUE SAINT ANTOINE 16000 ANGOULEME;ANGOULEME;16000;ecommerce;423081835;;2026-02-19
Commerce En Ligne Du Haut Languedoc;Commerce En Ligne Du Haut Languedoc;;;VILLEVIEILLETTE 48300 CHASTANIER;CHASTANIER;48300;ecommerce;498084193;;2026-02-19
Chambre Commerce Et Industrie Vaucluse;Chambre Commerce Et Industrie Vaucluse;;;46 COURS JEAN JAURES 84000 AVIGNON;AVIGNON;84000;ecommerce;188400014;;2026-02-19
La Ligne Verte France;La Ligne Verte France;;;QUA DES CRILLONS 13560 SENAS;SENAS;13560;ecommerce;838979243;;2026-02-19
Ameublement St Louis Commerce;Ameublement St Louis Commerce;;;14 RUE HAUTE SEILLE 57000 METZ;METZ;57000;ecommerce;355800749;;2026-02-19
Spf-Pl Pharmaciens D'Officine- Ligne Paradis;Spf-Pl Pharmaciens D'Officine- Ligne Paradis;;;99 ROUTE DE LA LIGNE PARADIS 97410 SAINT-PIERRE;SAINT-PIERRE;97410;ecommerce;853980852;;2026-02-19
Sarl Unipersonnelle Ligne Et Mire;Sarl Unipersonnelle Ligne Et Mire;;;4 RUE DU COMMERCE 49700 DOUE-EN-ANJOU;DOUE-EN-ANJOU;49700;ecommerce;342897261;;2026-02-19
Fralu Commerce General (Flcg);Fralu Commerce General (Flcg);;;106 RUE DE LA RAIE 58000 NEVERS;NEVERS;58000;ecommerce;505014928;;2026-02-19
Thermique Solutions Industrie Commerce 4 (Tsic 4);Thermique Solutions Industrie Commerce 4 (Tsic 4);;;1 COURS ANTOINE GUICHARD 42000 SAINT-ETIENNE;SAINT-ETIENNE;42000;ecommerce;848743191;;2026-02-19
Direction Departementale Finances Publiques Oise (Ddfip);Direction Departementale Finances Publiques Oise (Ddfip);;;29 RUE DU DOCTEUR GERARD 60000 BEAUVAIS;BEAUVAIS;60000;ecommerce;130011653;;2026-02-19
Loeticia Moreno;Loeticia Moreno;;;LIGNE DE CONDUITE 15 RUE SONNIER 41290 OUCQUES LA NOUVELLE;OUCQUES LA NOUVELLE;41290;ecommerce;517409439;;2026-02-19
Alain Gillet Architecte Sarl;Alain Gillet Architecte Sarl;;;RES PREMIERE LIGNE BAT A COMMERCE C4.2 191 RUE SHIRIN EBADI 34000 MONTPELLIER;MONTPELLIER;34000;ecommerce;401491642;;2026-02-19
Developpement En Vue;Developpement En Vue;;;915 ROUTE D'ARMIAZ 74380 LUCINGES;LUCINGES;74380;ecommerce;341687895;;2026-02-19
G3A Promotion Immobiliere;G3A Promotion Immobiliere;;;RES PREMIERE LIGNE BAT A COMMERCE C4.2 191 RUE SHIRIN EBADI 34000 MONTPELLIER;MONTPELLIER;34000;ecommerce;419157201;;2026-02-19
Evolis Promotion;Evolis Promotion;;;RES PERMIERE LIGNE BAT A COMMERCE C4.1 191 RUE SHIRIN EBADI 34000 MONTPELLIER;MONTPELLIER;34000;ecommerce;508017563;;2026-02-19
Ange Isabelle Fossi Tcheutchoua (Commerce En Ligne);Ange Isabelle Fossi Tcheutchoua (Commerce En Ligne);;;CHEZ NGADJEU FERDINAND 10 RUE VAILLANT COUTURIER 69200 VENISSIEUX;VENISSIEUX;69200;ecommerce;919529669;;2026-02-19
Seth Bernard-Mikhalkov;Seth Bernard-Mikhalkov;;;1526 CHEMIN DE LA VALMOURA 06530 SAINT-CEZAIRE-SUR-SIAGNE;SAINT-CEZAIRE-SUR-SIAGNE;06530;ecommerce;938632395;;2026-02-19
Joseph Kouadjio Tchougwa (Commerce En Ligne);Joseph Kouadjio Tchougwa (Commerce En Ligne);;;32 ROUTE DE SAINT THOMAS 74500 EVIAN-LES-BAINS;EVIAN-LES-BAINS;74500;ecommerce;922315437;;2026-02-19
Jacky Hoarau (Agence E-Commerce Hoarau);Jacky Hoarau (Agence E-Commerce Hoarau);;;APT 24 46 CHEMIN LIGNE CAMBRAI 97432 SAINT-PIERRE;SAINT-PIERRE;97432;ecommerce;840040422;;2026-02-19
Bijouterie Artisanale;Bijouterie Artisanale;;;10 RUE DE FRANCE 77300 FONTAINEBLEAU;FONTAINEBLEAU;77300;ecommerce;391281219;;2026-02-19
Lise Amram Coach Professionnel (Lise Amram Coach Professionnel) (L.A. Coach Pro);Lise Amram Coach Professionnel (Lise Amram Coach Professionnel) (L.A. Coach Pro);;;LD PIERRE A L'ANE 35420 POILLEY;POILLEY;35420;coaching;892649294;;2026-02-19
My Coach Informatique Professionnel (Mcip);My Coach Informatique Professionnel (Mcip);;;122 ROUTE DE LA REINE 92100 BOULOGNE-BILLANCOURT;BOULOGNE-BILLANCOURT;92100;coaching;477811228;;2026-02-19
Association Des Coachs Professionnels Icn;Association Des Coachs Professionnels Icn;;;92/94 92 RUE SERGENT BLANDAN 54000 NANCY;NANCY;54000;coaching;908402464;;2026-02-19
Franck Malivoir Coach Professionnel;Franck Malivoir Coach Professionnel;;;5 AVENUE HAROUN TAZIEFF 77600 BUSSY-SAINT-GEORGES;BUSSY-SAINT-GEORGES;77600;coaching;919250472;;2026-02-19
Marion Sulpice - Coach Professionnelle;Marion Sulpice - Coach Professionnelle;;;21 RUE JEAN JACQUES ROUSSEAU 94120 FONTENAY-SOUS-BOIS;FONTENAY-SOUS-BOIS;94120;coaching;982661654;;2026-02-19
Savoure Ta Vie Ass.Des Conseillers Et Des Coachs Professionnels (Acracp);Savoure Ta Vie Ass.Des Conseillers Et Des Coachs Professionnels (Acracp);;;3 RUE MAGELLAN ZENITH 4 LE LARIVOT 97351 MATOURY;MATOURY;97351;coaching;794876748;;2026-02-19
Association Francophone Des Coachs Et Conferenciers Professionnels (Afccp);Association Francophone Des Coachs Et Conferenciers Professionnels (Afccp);;;42 RUE DU DOCTEUR PIERRE-FLEURY PAPILLON 69100 VILLEURBANNE;VILLEURBANNE;69100;coaching;898764535;;2026-02-19
Cercle Europeen Des Coachs D'Organisations Professionnels (Cecorp);Cercle Europeen Des Coachs D'Organisations Professionnels (Cecorp);;;SARL AMPERE GESTION BATIMENT D1 - 7 66 AVENUE DES CHAMPS ELYSEES 75008 PARIS;PARIS;75008;coaching;923815559;;2026-02-19
Association Professionnelle De Coachs (Apc);Association Professionnelle De Coachs (Apc);;;16 RUE DUCHEFDELAVILLE 75013 PARIS 13;PARIS 13;75013;coaching;518348354;;2026-02-19
Cecile Lespinasse - Coach Professionnelle;Cecile Lespinasse - Coach Professionnelle;;;175 RUE COMMISSAIRE BECKER 83100 TOULON;TOULON;83100;coaching;853195311;;2026-02-19
Celine Bonet Coach Professionnelle;Celine Bonet Coach Professionnelle;;;2 CARRER D'EN QUINTA 66130 BOULETERNERE;BOULETERNERE;66130;coaching;853685089;;2026-02-19
Groupement Des Entraineurs Des Educateurs Et Professionnels Formation De Volley Ball (Volley Coach Inside);Groupement Des Entraineurs Des Educateurs Et Professionnels Formation De Volley Ball (Volley Coach Inside);;;CHEZ FC3- CFDT 4 AVENUE SIMON BOLIVAR 75019 PARIS;PARIS;75019;coaching;937908564;;2026-02-19
Parcours & Competences Professionnelles Sarl (Coach And Co) (P&Cp Sarl);Parcours & Competences Professionnelles Sarl (Coach And Co) (P&Cp Sarl);;;ZAC DE LA VALLEE BARREY 1 RUE DE BRUXELLES 14120 MONDEVILLE;MONDEVILLE;14120;coaching;802981803;;2026-02-19
Laurent Logiou. Caoach Professionnel (Laurent Logiou Coach Professionnel);Laurent Logiou. Caoach Professionnel (Laurent Logiou Coach Professionnel);;;17 RUE PARMENTIER 76600 LE HAVRE;LE HAVRE;76600;coaching;842202145;;2026-02-19
Christine Schott Gardin (Schott) (Coach Professionnel);Christine Schott Gardin (Schott) (Coach Professionnel);;;30 RUE DES HAUTS PATURAGES 67210 OBERNAI;OBERNAI;67210;coaching;911034957;;2026-02-19
Guillaume Soufflet (Coach De Vie Et Professionnel);Guillaume Soufflet (Coach De Vie Et Professionnel);;;APPT 305 5 RUE HAUTE MOQUETTE 89000 AUXERRE;AUXERRE;89000;coaching;481527174;;2026-02-19
Maud Boudet;Maud Boudet;;;APPT B301 2 SENTE DES VIMES 33000 BORDEAUX;BORDEAUX;33000;coaching;819605544;;2026-02-19
Kanelle Leger;Kanelle Leger;;;578 AV JEAN MARIE SERRAULT 97200 FORT DE FRANCE;FORT DE FRANCE;97200;coaching;892763327;;2026-02-19
Joel Bonnemaison (Coach/Formateur Professionnel);Joel Bonnemaison (Coach/Formateur Professionnel);;;LD PEROUILLE 82400 VALENCE;VALENCE;82400;coaching;898970652;;2026-02-19
Samia Maouchi (Adopte Un Coach Professionnel);Samia Maouchi (Adopte Un Coach Professionnel);;;74 ROUTE DE LODEVE 34080 MONTPELLIER;MONTPELLIER;34080;coaching;932791262;;2026-02-19
Melanie Betro (Melanie Betro Hypnotherapeute Et Coach Professionnel);Melanie Betro (Melanie Betro Hypnotherapeute Et Coach Professionnel);;;142 RUE JEAN ZAY 45800 SAINT-JEAN-DE-BRAYE;SAINT-JEAN-DE-BRAYE;45800;coaching;518403530;;2026-02-19
Herve Insa (Horizon Systemique);Herve Insa (Horizon Systemique);;;BAT A - ESC A 174 RUE D'AULNAY 92350 LE PLESSIS-ROBINSON;LE PLESSIS-ROBINSON;92350;coaching;907533723;;2026-02-19
Lemni'S Cat (Lemni'Scat Coach Vie Professionnelle) (L'Cat);Lemni'S Cat (Lemni'Scat Coach Vie Professionnelle) (L'Cat);;;QUARTIER MOUSDAX 1594 ROUTE DE MOUSDAX 40170 MEZOS;MEZOS;40170;coaching;908507775;;2026-02-19
Myriam Besseau (Myriam Besseau Coach Professionnelle);Myriam Besseau (Myriam Besseau Coach Professionnelle);;;16 RUE DU HAMEAU DE LA CROIX BLANCHE 85300 CHALLANS;CHALLANS;85300;coaching;903660033;;2026-02-19
Melodie Leroy (Camus) (Melodie Leroy Coach Professionnelle);Melodie Leroy (Camus) (Melodie Leroy Coach Professionnelle);;;253 RUE PIERRE LEGRAND 59800 LILLE;LILLE;59800;coaching;903279735;;2026-02-19
C & R Marketing Consultants;C & R Marketing Consultants;;;20 RUE CAMBON 75001 PARIS;PARIS;75001;coaching;397887332;;2026-02-19
Tralpex Marketing Consultants;Tralpex Marketing Consultants;;;64 RUE VAUBAN 59100 ROUBAIX;ROUBAIX;59100;coaching;382513612;;2026-02-19
Holistic Marketing Consultants;Holistic Marketing Consultants;;;216 RUE MAURICE LE BOUCHER 34070 MONTPELLIER;MONTPELLIER;34070;coaching;795003169;;2026-02-19
Pcm Publishers Consultant Marketing;Pcm Publishers Consultant Marketing;;;LE BRITANNIA 20 BOULEVARD EUGENE DERUELLE 69003 LYON;LYON;69003;coaching;478601370;;2026-02-19
Sales And Marketing Consultants (Sales And Marketing Consultants) (Smc);Sales And Marketing Consultants (Sales And Marketing Consultants) (Smc);;;8 B RUE ABEL 75012 PARIS;PARIS;75012;coaching;843275132;;2026-02-19
Thomas Consultant Surcycle Marketing (Tcsm);Thomas Consultant Surcycle Marketing (Tcsm);;;1351 RUE DE LA FONDANCE 76160 BOIS-D'ENNEBOURG;BOIS-D'ENNEBOURG;76160;coaching;890442247;;2026-02-19
Marketing Management Banking Consultants (Mmb);Marketing Management Banking Consultants (Mmb);;;CZ D'ALEXIS LD LORIENT 97133 SAINT BARTHELEMY;SAINT BARTHELEMY;97133;coaching;399687987;;2026-02-19
Direct Marketing Strategies Consultants (Dmsc);Direct Marketing Strategies Consultants (Dmsc);;;23 RUE JEAN GIRAUDOUX 75016 PARIS;PARIS;75016;coaching;325776243;;2026-02-19
International Marketing Consultants;International Marketing Consultants;;;ZI DES TERRES SAINT LAZARE 26 AVENUE PAUL LANGEVIN 91130 RIS-ORANGIS;RIS-ORANGIS;91130;coaching;390913028;;2026-02-19
Agral Consultant Marketing;Agral Consultant Marketing;;;55 RUE BOISSONADE 75014 PARIS;PARIS;75014;coaching;349059279;;2026-02-19
International Marketing Consultant;International Marketing Consultant;;;630 RTE DES DOLINES 06560 VALBONNE;VALBONNE;06560;coaching;397574104;;2026-02-19
Money Marketing Consultant;Money Marketing Consultant;;;181 AV VICTOR HUGO 75016 PARIS 16;PARIS 16;75016;coaching;344053848;;2026-02-19
Marketing Engineering Consultants;Marketing Engineering Consultants;;;9 RUE DE COPENHAGUE ZI CHESNES 38070 SAINT-QUENTIN-FALLAVIER;SAINT-QUENTIN-FALLAVIER;38070;coaching;330229220;;2026-02-19
Groupe Marketing Consultants;Groupe Marketing Consultants;;;171 B AV CHARLES DE GAULLE 92200 NEUILLY-SUR-SEINE;NEUILLY-SUR-SEINE;92200;coaching;488913476;;2026-02-19
Contact Consultants Marketing (Ccm);Contact Consultants Marketing (Ccm);;;69 RUE D AGUESSEAU 92100 BOULOGNE-BILLANCOURT;BOULOGNE-BILLANCOURT;92100;coaching;384571642;;2026-02-19
Money Marketing Consultant;Money Marketing Consultant;;;129 RUE DE TURENNE 75003 PARIS 3;PARIS 3;75003;coaching;350149233;;2026-02-19
Sophia Marketing Consultants;Sophia Marketing Consultants;;;11 CHE DES SOULIERES 06410 BIOT;BIOT;06410;coaching;350800777;;2026-02-19
Brand Marketing Consultants;Brand Marketing Consultants;;;191 RUE D ALESIA 75014 PARIS 14;PARIS 14;75014;coaching;325041622;;2026-02-19
Marketing Consultants Internat;Marketing Consultants Internat;;;25 RUE TREBOIS 92300 LEVALLOIS-PERRET;LEVALLOIS-PERRET;92300;coaching;702043670;;2026-02-19
Marketing Partner Consultant;Marketing Partner Consultant;;;113 RUE ANATOLE FRANCE 92300 LEVALLOIS-PERRET;LEVALLOIS-PERRET;92300;coaching;332163609;;2026-02-19
Marketing Gestion Consultant;Marketing Gestion Consultant;;;3 RUE SAINT-ROCH 75001 PARIS;PARIS;75001;coaching;392477808;;2026-02-19
Marketing & Service Consultant (Msc);Marketing & Service Consultant (Msc);;;99 RUE DU LIEUTENANT LEON BECKER 97300 CAYENNE;CAYENNE;97300;coaching;408786820;;2026-02-19
Mca Marketing Consultants;Mca Marketing Consultants;;;7 RUE GUTENBERG 75015 PARIS;PARIS;75015;coaching;305217945;;2026-02-19
Consultant Achats Marketing;Consultant Achats Marketing;;;CHEZ A.P.F. 23 RUE D'ANJOU 75008 PARIS 8;PARIS 8;75008;coaching;428739130;;2026-02-19
Agence Nationale Pour La Formation Professionnelle Des Adultes (Afpa);Agence Nationale Pour La Formation Professionnelle Des Adultes (Afpa);;;TOUR CITYSCOPE 3 RUE FRANKLIN 93100 MONTREUIL;MONTREUIL;93100;coaching;824228142;;2026-02-19
